{"loss_back_bev":10.151056289672852,"F1-bev-seg":0.07396558037348956,"loss_height":0.6019495725631714,"loss_back_2d":5.815751552581787,"loss_back_total":17.929916381835938,"_runtime":3966,"_step":2066,"_wandb":{"runtime":3966},"loss_offset":1.3611595630645752,"_timestamp":1.7532616314445817e+09}